folder,image,width,height,warm_ms,gaussians,edge_points,seconds,status
"AIRPLANE WRECK",10-IMG_5061,2048,1365,49.3385,310765,8044,3.9,OK
"AIRPLANE WRECK",27-IMG_5042,2048,1365,49.3429,310765,7643,3.5,OK
"AIRPLANE WRECK",17-IMG_5053,1365,2048,56.4502,310765,4537,3.7,OK
"AIRPLANE WRECK",13-IMG_5058,2048,1365,61.0784,310765,5009,3.7,OK
"AIRPLANE WRECK",28-IMG_5041,2048,1365,49.6592,310765,5124,3.6,OK
"AIRPLANE WRECK",16-IMG_5054,1365,2048,50.5478,310765,4079,3.4,OK
"AIRPLANE WRECK",12-IMG_5059,2048,1365,63.938,310765,5412,3.6,OK
"AIRPLANE WRECK",26-IMG_5043,2048,1365,62.4401,310765,10900,3.8,OK
"AIRPLANE WRECK",1-IMG_5073,2048,1365,59.7267,310765,10568,3.6,OK
"AIRPLANE WRECK",21-IMG_5048,2048,1365,48.9572,310765,5130,4.5,OK
"ERICA",35-IMG_6307,2048,1365,56.177,310765,3914,3.6,OK
"ERICA",152-IMG_6166,1365,2048,57.686,310765,8917,3.7,OK
"ERICA",144-IMG_6174,1365,2048,49.5542,310765,7524,3.9,OK
"ERICA",115-IMG_6217,1365,2048,56.8376,310765,3,3.6,OK
"ERICA",127-IMG_6200,2048,1365,61.129,310765,6287,3.7,OK
"ERICA",137-IMG_6189,1365,2048,58.78,310765,7797,4.0,OK
"ERICA",165-IMG_6149,1365,2048,55.3841,310765,7554,3.7,OK
"ERICA",107-IMG_6226,1365,2048,60.875,310765,7674,3.6,OK
"ERICA",18-IMG_6327,1365,2048,35.9371,310765,5205,3.6,OK
"ERICA",10-IMG_6335,2048,1365,57.0185,310765,5444,3.6,OK
"HU",11-IMG_6833,2048,1365,57.6112,310765,10923,3.8,OK
"HU",185-IMG_6656,1365,2048,56.4893,310765,8053,3.8,OK
"HU",67-IMG_6777,1365,2048,68.4757,310765,17857,3.9,OK
"HU",254-IMG_6587,1365,2048,59.0611,310765,7500,3.5,OK
"HU",60-IMG_6784,1365,2048,55.2575,310765,12920,3.7,OK
"HU",143-IMG_6698,1365,2048,50.1052,310765,5217,3.7,OK
"HU",40-IMG_6804,1365,2048,51.2216,310765,15627,4.2,OK
"HU",147-IMG_6694,1365,2048,51.7564,310765,4619,4.0,OK
"HU",88-IMG_6756,1365,2048,51.3807,310765,4973,3.8,OK
"HU",257-IMG_6584,1365,2048,51.2931,310765,9457,4.0,OK
"LARI",29-IMG_5521,1365,2048,51.9487,310765,4361,4.3,OK
"LARI",31-IMG_5519,1365,2048,58.5506,310765,6517,4.1,OK
"LARI",55-IMG_5495,2048,1365,158.283,310765,7890,4.1,OK
"LARI",44-IMG_5506,1365,2048,56120.8,310765,6978,61.3,OK
"LARI",53-IMG_5497,1365,2048,125.902,310765,6684,3.9,OK
"LARI",30-IMG_5520,1365,2048,55.7172,310765,4499,3.9,OK
"LARI",36-IMG_5514,1365,2048,17390.4,310765,6597,21.5,OK
"LARI",47-IMG_5503,1365,2048,89.5772,310765,6350,4.0,OK
"LARI",32-IMG_5518,1365,2048,19888.2,310765,6012,23.9,OK
"LARI",45-IMG_5505,1365,2048,54451.6,310765,6870,59.0,OK
"MALAYSIA",224-IMG_4083,2048,1365,62.7854,310765,20343,4.0,OK
"MALAYSIA",134-IMG_4173,1720,2048,32.9867,392042,10460,3.9,OK
"MALAYSIA",112-IMG_4195,1365,2048,63032.4,310765,5382,67.5,OK
"MALAYSIA",782-IMG_3473,1365,2048,39.8075,310765,24959,4.1,OK
